{"Deckenansicht": 0.6853478523895947, "Detail": 0.7346246973365618, "Revisionsoeffnung": 0.9264516129032258, "Wandansicht": 0.6488717948717949, "Kabel": 0.6421694915254237, "Baugeraet": 0.9212903225806452, "Trockenbau": 0.4934395280235988, "Tuer": 0.9024, "Fertigstellung": 0.8753704600484261, "Brandschutz": 0.950974358974359, "Steckdose_Schalter": 0.9766253687315634, "Beleuchtung": 0.8715702479338843, "Lueftung": 0.704104347826087, "Fenster": 0.7561880341880342, "Baumaterial": 0.6913223140495868, "Aussenbereich": 1.0, "Trasse": 0.919744, "Buero": 0.983448275862069, "Rohbau": 0.876736, "Betonwand": 0.8056960000000001, "Bauschutt": 0.8478431372549019, "Abwasser": 0.8656, "Heizungsrohr": 0.7, "Durchbruch": 0.913216, "Erschliessung": 0.8746229508196721, "Brandmelder": 1.0, "Keller": 0.9681290322580645, "Mauerwerk": 0.9306086956521739, "Sprinkler": 0.8441941391941392, "Baunotiz": 0.7981176470588235, "Installation": 0.8105791505791505, "Bad": 0.9644444444444444, "Deckenheizung": 0.9219333333333334, "Technikzentrale": 0.9677355371900828, "Parkhaus": 0.984, "Schacht": 0.8595409836065574, "Bodenansicht": 0.7346666666666667}